Date,Time_s,Temp_C,pH ,pH_mV,ch_2,Rate_mL_h,Volume_mL,Setpoint_pH,Mass_of_NaHCO3_g,Mass_of_Na2CO3_in_titrant_g,Mass_of_CaCl2_in_titrant_g,Mass_of_Seed_g,Mass_of_Solution_g,Key,Designation
02/05/2019,279.998019,21.9,7.716,-38.9,39.5,0.1,0,7.72,0.08931,0.05299,0.07348,1.00023,450,20190502,O
02/05/2019,299.997991,21.9,7.715,-38.8,39.6,0.1,0,7.72,0.08931,0.05299,0.07348,1.00023,450,20190502,O
02/05/2019,319.998466,21.9,7.713,-38.7,39.6,0.1,0,7.72,0.08931,0.05299,0.07348,1.00023,450,20190502,O
02/05/2019,339.998751,21.9,7.713,-38.7,39.6,0.1,0,7.72,0.08931,0.05299,0.07348,1.00023,450,20190502,O
02/05/2019,359.998429,21.9,7.713,-38.7,39.6,0.1,0,7.72,0.08931,0.05299,0.07348,1.00023,450,20190502,O
02/05/2019,379.99896,21.9,7.713,-38.7,39.7,0.1,0,7.72,0.08931,0.05299,0.07348,1.00023,450,20190502,O
02/05/2019,399.9982,21.8,7.713,-38.7,39.7,0.1,0,7.72,0.08931,0.05299,0.07348,1.00023,450,20190502,O
02/05/2019,419.999388,21.8,7.713,-38.7,39.8,0.1,0,7.72,0.08931,0.05299,0.07348,1.00023,450,20190502,O
02/05/2019,439.999377,21.8,7.713,-38.7,39.7,0.114,0,7.72,0.08931,0.05299,0.07348,1.00023,450,20190502,O
02/05/2019,459.999239,21.8,7.711,-38.6,39.8,0.128,0,7.72,0.08931,0.05299,0.07348,1.00023,450,20190502,O
02/05/2019,479.998832,21.8,7.713,-38.7,39.8,0.146,0,7.72,0.08931,0.05299,0.07348,1.00023,450,20190502,O
02/05/2019,499.998531,21.8,7.711,-38.6,39.8,0.16,0,7.72,0.08931,0.05299,0.07348,1.00023,450,20190502,O
02/05/2019,519.998354,21.8,7.711,-38.6,39.8,0.178,0,7.72,0.08931,0.05299,0.07348,1.00023,450,20190502,O
02/05/2019,539.997798,21.8,7.711,-38.6,39.9,0.196,0,7.72,0.08931,0.05299,0.07348,1.00023,450,20190502,O
02/05/2019,560.000502,21.8,7.711,-38.6,39.9,0.214,0,7.72,0.08931,0.05299,0.07348,1.00023,450,20190502,O
02/05/2019,579.998843,21.8,7.711,-38.6,39.9,0.232,0,7.72,0.08931,0.05299,0.07348,1.00023,450,20190502,O
02/05/2019,599.997799,21.8,7.711,-38.6,39.9,0.25,0.0023,7.72,0.08931,0.05299,0.07348,1.00023,450,20190502,O
02/05/2019,619.999871,21.8,7.711,-38.6,40,0.268,0.00346,7.72,0.08931,0.05299,0.07348,1.00023,450,20190502,O
02/05/2019,639.998405,21.8,7.711,-38.6,40,0.286,0.00461,7.72,0.08931,0.05299,0.07348,1.00023,450,20190502,O
02/05/2019,659.998262,21.8,7.711,-38.6,40,0.304,0.00576,7.72,0.08931,0.05299,0.07348,1.00023,450,20190502,O
02/05/2019,679.997281,21.8,7.711,-38.6,40,0.322,0.00691,7.72,0.08931,0.05299,0.07348,1.00023,450,20190502,O
02/05/2019,699.997884,21.8,7.711,-38.6,40,0.34,0.00806,7.72,0.08931,0.05299,0.07348,1.00023,450,20190502,O
02/05/2019,719.999823,21.8,7.71,-38.5,40,0.358,0.00922,7.72,0.08931,0.05299,0.07348,1.00023,450,20190502,O
02/05/2019,739.998222,21.8,7.711,-38.6,40,0.378,0.01037,7.72,0.08931,0.05299,0.07348,1.00023,450,20190502,O
02/05/2019,760.000432,21.7,7.712,-38.6,40.1,0.396,0.01152,7.72,0.08931,0.05299,0.07348,1.00023,450,20190502,O
02/05/2019,779.998065,21.7,7.712,-38.6,40.1,0.412,0.01267,7.72,0.08931,0.05299,0.07348,1.00023,450,20190502,O
02/05/2019,833.927884,21.7,7.71,-38.5,40.1,0.428,0.01382,7.72,0.08931,0.05299,0.07348,1.00023,450,20190502,O
02/05/2019,878.949645,21.7,7.71,-38.5,40.2,0.448,0.01958,7.72,0.08931,0.05299,0.07348,1.00023,450,20190502,O
02/05/2019,933.935142,21.7,7.71,-38.5,40.3,0.468,0.02649,7.72,0.08931,0.05299,0.07348,1.00023,450,20190502,O
02/05/2019,978.977058,21.7,7.71,-38.5,40.3,0.488,0.0311,7.72,0.08931,0.05299,0.07348,1.00023,450,20190502,O
02/05/2019,1033.942802,21.7,7.71,-38.5,40.3,0.508,0.03801,7.72,0.08931,0.05299,0.07348,1.00023,450,20190502,O
02/05/2019,1078.968656,21.7,7.71,-38.5,40.3,0.528,0.04377,7.72,0.08931,0.05299,0.07348,1.00023,450,20190502,O
02/05/2019,1138.983335,21.6,7.712,-38.6,40.3,0.548,0.05184,7.72,0.08931,0.05299,0.07348,1.00023,450,20190502,O
02/05/2019,1198.981348,21.6,7.712,-38.6,40.4,3,0.0599,7.72,0.08931,0.05299,0.07348,1.00023,450,20190502,O
02/05/2019,1253.94594,21.6,7.714,-38.7,40.4,3,0.10943,7.72,0.08931,0.05299,0.07348,1.00023,450,20190502,O
02/05/2019,1298.976456,21.6,7.715,-38.8,40.4,3,0.14284,7.72,0.08931,0.05299,0.07348,1.00023,450,20190502,O
02/05/2019,1353.936194,21.6,7.717,-38.9,40.4,1,0.19352,7.72,0.08931,0.05299,0.07348,1.00023,450,20190502,O
02/05/2019,1398.960942,21.6,7.717,-38.9,40.4,1,0.20504,7.72,0.08931,0.05299,0.07348,1.00023,450,20190502,O
02/05/2019,1458.970895,21.6,7.719,-39,40.5,1,0.22117,7.72,0.08931,0.05299,0.07348,1.00023,450,20190502,O
02/05/2019,1513.934362,21.6,7.719,-39,40.5,1,0.23729,7.72,0.08931,0.05299,0.07348,1.00023,450,20190502,O
02/05/2019,1558.965976,21.6,7.721,-39.1,40.5,1,0.24881,7.72,0.08931,0.05299,0.07348,1.00023,450,20190502,O
02/05/2019,1618.968415,21.6,7.721,-39.1,40.5,1,0.26494,7.72,0.08931,0.05299,0.07348,1.00023,450,20190502,O
02/05/2019,1678.96341,21.5,7.721,-39.1,40.5,1,0.28222,7.72,0.08931,0.05299,0.07348,1.00023,450,20190502,O
02/05/2019,1738.968494,21.5,7.723,-39.2,40.5,1,0.2995,7.72,0.08931,0.05299,0.07348,1.00023,450,20190502,O
02/05/2019,1788.919289,21.5,7.723,-39.2,40.5,0.994,0.31562,7.72,0.08931,0.05299,0.07348,1.00023,450,20190502,O
02/05/2019,1838.971279,21.5,7.723,-39.2,40.5,0.988,0.32599,7.72,0.08931,0.05299,0.07348,1.00023,450,20190502,O
02/05/2019,1893.933822,21.5,7.723,-39.2,40.5,0.982,0.34212,7.72,0.08931,0.05299,0.07348,1.00023,450,20190502,O
02/05/2019,1928.917077,21.5,7.723,-39.2,40.5,0.976,0.35248,7.72,0.08931,0.05299,0.07348,1.00023,450,20190502,O
02/05/2019,1978.966205,21.5,7.723,-39.2,40.5,0.97,0.36285,7.72,0.08931,0.05299,0.07348,1.00023,450,20190502,O
02/05/2019,2038.963454,21.5,7.723,-39.2,40.5,0.964,0.37783,7.72,0.08931,0.05299,0.07348,1.00023,450,20190502,O
02/05/2019,2098.980218,21.5,7.724,-39.3,40.6,0.958,0.39395,7.72,0.08931,0.05299,0.07348,1.00023,450,20190502,O
02/05/2019,2153.955913,21.5,7.726,-39.4,40.6,0.95,0.40893,7.72,0.08931,0.05299,0.07348,1.00023,450,20190502,O
02/05/2019,2188.923442,21.4,7.726,-39.4,40.6,0.938,0.41814,7.72,0.08931,0.05299,0.07348,1.00023,450,20190502,O
02/05/2019,2233.947722,21.4,7.726,-39.4,40.6,0.926,0.42851,7.72,0.08931,0.05299,0.07348,1.00023,450,20190502,O
02/05/2019,2268.926709,21.4,7.726,-39.4,40.6,0.914,0.43888,7.72,0.08931,0.05299,0.07348,1.00023,450,20190502,O
02/05/2019,2313.952733,21.4,7.726,-39.4,40.6,0.902,0.44924,7.72,0.08931,0.05299,0.07348,1.00023,450,20190502,O
02/05/2019,2348.911711,21.4,7.726,-39.4,40.6,0.89,0.45846,7.72,0.08931,0.05299,0.07348,1.00023,450,20190502,O
02/05/2019,2393.9467,21.4,7.726,-39.4,40.6,0.878,0.46767,7.72,0.08931,0.05299,0.07348,1.00023,450,20190502,O
02/05/2019,2428.91913,21.4,7.726,-39.4,40.6,0.866,0.47689,7.72,0.08931,0.05299,0.07348,1.00023,450,20190502,O
02/05/2019,2473.941762,21.4,7.726,-39.4,40.6,0.854,0.48611,7.72,0.08931,0.05299,0.07348,1.00023,450,20190502,O
02/05/2019,2518.959411,21.4,7.728,-39.5,40.6,0.842,0.49532,7.72,0.08931,0.05299,0.07348,1.00023,450,20190502,O
02/05/2019,2573.942816,21.4,7.728,-39.5,40.6,0.826,0.50914,7.72,0.08931,0.05299,0.07348,1.00023,450,20190502,O
02/05/2019,2618.981862,21.4,7.728,-39.5,40.6,0.81,0.51721,7.72,0.08931,0.05299,0.07348,1.00023,450,20190502,O
02/05/2019,2668.910532,21.4,7.728,-39.5,40.6,0.794,0.53103,7.72,0.08931,0.05299,0.07348,1.00023,450,20190502,O
02/05/2019,2713.93659,21.3,7.73,-39.6,40.6,0.778,0.53909,7.72,0.08931,0.05299,0.07348,1.00023,450,20190502,O
02/05/2019,2748.908405,21.3,7.73,-39.6,40.6,0.758,0.54716,7.72,0.08931,0.05299,0.07348,1.00023,450,20190502,O
02/05/2019,2793.945213,21.3,7.73,-39.6,40.6,0.738,0.55522,7.72,0.08931,0.05299,0.07348,1.00023,450,20190502,O
02/05/2019,2838.967457,21.3,7.73,-39.6,40.6,0.718,0.56328,7.72,0.08931,0.05299,0.07348,1.00023,450,20190502,O
02/05/2019,2893.943814,21.3,7.73,-39.6,40.6,0.688,0.5748,7.72,0.08931,0.05299,0.07348,1.00023,450,20190502,O
02/05/2019,2928.914247,21.3,7.73,-39.6,40.6,0.658,0.58171,7.72,0.08931,0.05299,0.07348,1.00023,450,20190502,O
02/05/2019,2973.941018,21.3,7.73,-39.6,40.6,0.628,0.58863,7.72,0.08931,0.05299,0.07348,1.00023,450,20190502,O
02/05/2019,3023.989425,21.3,7.73,-39.6,40.6,0.598,0.59438,7.72,0.08931,0.05299,0.07348,1.00023,450,20190502,O
02/05/2019,3073.936809,21.3,7.73,-39.6,40.6,0.568,0.60475,7.72,0.08931,0.05299,0.07348,1.00023,450,20190502,O
02/05/2019,3123.990732,21.3,7.73,-39.6,40.6,0.538,0.61051,7.72,0.08931,0.05299,0.07348,1.00023,450,20190502,O
02/05/2019,3173.936328,21.3,7.73,-39.6,40.7,0.508,0.61857,7.72,0.08931,0.05299,0.07348,1.00023,450,20190502,O
02/05/2019,3213.937354,21.3,7.73,-39.6,40.6,0.488,0.62318,7.72,0.08931,0.05299,0.07348,1.00023,450,20190502,O
02/05/2019,3253.936624,21.3,7.73,-39.6,40.6,0.468,0.62779,7.72,0.08931,0.05299,0.07348,1.00023,450,20190502,O
02/05/2019,3288.913992,21.3,7.73,-39.6,40.6,0.448,0.6324,7.72,0.08931,0.05299,0.07348,1.00023,450,20190502,O
02/05/2019,3333.932843,21.3,7.73,-39.6,40.7,0.428,0.63701,7.72,0.08931,0.05299,0.07348,1.00023,450,20190502,O
02/05/2019,3368.911031,21.3,7.73,-39.6,40.7,0.408,0.64046,7.72,0.08931,0.05299,0.07348,1.00023,450,20190502,O
02/05/2019,3413.936959,21.2,7.732,-39.7,40.6,0.388,0.64507,7.72,0.08931,0.05299,0.07348,1.00023,450,20190502,O
02/05/2019,3453.946473,21.2,7.73,-39.6,40.6,0.364,0.64852,7.72,0.08931,0.05299,0.07348,1.00023,450,20190502,O
02/05/2019,3483.932732,21.2,7.73,-39.6,40.6,0.344,0.65198,7.72,0.08931,0.05299,0.07348,1.00023,450,20190502,O
02/05/2019,3533.941568,21.2,7.73,-39.6,40.6,0.324,0.65544,7.72,0.08931,0.05299,0.07348,1.00023,450,20190502,O
02/05/2019,3573.932477,21.2,7.73,-39.6,40.7,0.304,0.65889,7.72,0.08931,0.05299,0.07348,1.00023,450,20190502,O
02/05/2019,3613.93949,21.2,7.73,-39.6,40.6,0.284,0.6612,7.72,0.08931,0.05299,0.07348,1.00023,450,20190502,O
02/05/2019,3653.933803,21.2,7.73,-39.6,40.6,0.264,0.6635,7.72,0.08931,0.05299,0.07348,1.00023,450,20190502,O
02/05/2019,3703.98571,21.2,7.73,-39.6,40.7,0.244,0.6658,7.72,0.08931,0.05299,0.07348,1.00023,450,20190502,O
02/05/2019,3753.936236,21.2,7.73,-39.6,40.7,0.224,0.66926,7.72,0.08931,0.05299,0.07348,1.00023,450,20190502,O
02/05/2019,3798.98317,21.2,7.73,-39.6,40.7,0.204,0.67156,7.72,0.08931,0.05299,0.07348,1.00023,450,20190502,O
02/05/2019,3858.969388,21.2,7.73,-39.6,40.6,0.184,0.67387,7.72,0.08931,0.05299,0.07348,1.00023,450,20190502,O
02/05/2019,3913.939822,21.2,7.73,-39.6,40.7,0.164,0.67617,7.72,0.08931,0.05299,0.07348,1.00023,450,20190502,O
02/05/2019,3958.964481,21.2,7.73,-39.6,40.7,0.144,0.67732,7.72,0.08931,0.05299,0.07348,1.00023,450,20190502,O
02/05/2019,4013.938033,21.2,7.73,-39.6,40.6,0.124,0.67963,7.72,0.08931,0.05299,0.07348,1.00023,450,20190502,O
02/05/2019,4058.962419,21.2,7.73,-39.6,40.6,0.104,0.68078,7.72,0.08931,0.05299,0.07348,1.00023,450,20190502,O
02/05/2019,4118.95996,21.2,7.73,-39.6,40.7,0.1,0.68193,7.72,0.08931,0.05299,0.07348,1.00023,450,20190502,O
02/05/2019,4173.940192,21.2,7.729,-39.5,40.7,0.1,0.68308,7.72,0.08931,0.05299,0.07348,1.00023,450,20190502,O
02/05/2019,4218.960092,21.2,7.729,-39.5,40.6,0.1,0.68308,7.72,0.08931,0.05299,0.07348,1.00023,450,20190502,O
02/05/2019,4273.942324,21.2,7.729,-39.5,40.7,0.1,0.68423,7.72,0.08931,0.05299,0.07348,1.00023,450,20190502,O
02/05/2019,4318.963267,21.1,7.729,-39.5,40.7,0.1,0.68423,7.72,0.08931,0.05299,0.07348,1.00023,450,20190502,O
02/05/2019,4378.973842,21.1,7.727,-39.4,40.7,0.1,0.68539,7.72,0.08931,0.05299,0.07348,1.00023,450,20190502,O
02/05/2019,4433.943894,21.1,7.727,-39.4,40.7,0.1,0.68654,7.72,0.08931,0.05299,0.07348,1.00023,450,20190502,O
02/05/2019,4478.959191,21.1,7.727,-39.4,40.7,0.1,0.68654,7.72,0.08931,0.05299,0.07348,1.00023,450,20190502,O
02/05/2019,4538.963788,21.1,7.727,-39.4,40.7,0.1,0.68769,7.72,0.08931,0.05299,0.07348,1.00023,450,20190502,O
02/05/2019,4598.967911,21.1,7.727,-39.4,40.7,0.1,0.68884,7.72,0.08931,0.05299,0.07348,1.00023,450,20190502,O
02/05/2019,4658.97353,21.1,7.727,-39.4,40.7,0.1,0.68999,7.72,0.08931,0.05299,0.07348,1.00023,450,20190502,O
02/05/2019,4718.975344,21.1,7.727,-39.4,40.7,0.1,0.69115,7.72,0.08931,0.05299,0.07348,1.00023,450,20190502,O
02/05/2019,4778.959908,21.1,7.725,-39.3,40.7,0.1,0.6923,7.72,0.08931,0.05299,0.07348,1.00023,450,20190502,O
02/05/2019,4838.971848,21.1,7.727,-39.4,40.6,0.1,0.69345,7.72,0.08931,0.05299,0.07348,1.00023,450,20190502,O
02/05/2019,4898.983407,21.1,7.727,-39.4,40.6,0.1,0.6946,7.72,0.08931,0.05299,0.07348,1.00023,450,20190502,O
02/05/2019,4958.984028,21.1,7.725,-39.3,40.7,0.1,0.69575,7.72,0.08931,0.05299,0.07348,1.00023,450,20190502,O
02/05/2019,5024.008993,21.1,7.727,-39.4,40.6,0.1,0.6969,7.72,0.08931,0.05299,0.07348,1.00023,450,20190502,O
02/05/2019,5078.964689,21.1,7.725,-39.3,40.6,0.1,0.69806,7.72,0.08931,0.05299,0.07348,1.00023,450,20190502,O
02/05/2019,5138.946039,21.1,7.725,-39.3,40.6,0.1,0.69921,7.72,0.08931,0.05299,0.07348,1.00023,450,20190502,O
02/05/2019,5198.962737,21.1,7.724,-39.2,40.6,0.1,0.70036,7.72,0.08931,0.05299,0.07348,1.00023,450,20190502,O
02/05/2019,5264.003662,21.1,7.724,-39.2,40.6,0.1,0.70151,7.72,0.08931,0.05299,0.07348,1.00023,450,20190502,O
02/05/2019,5318.968335,21.1,7.724,-39.2,40.7,0.1,0.70266,7.72,0.08931,0.05299,0.07348,1.00023,450,20190502,O
02/05/2019,5373.947392,21.1,7.724,-39.2,40.6,0.1,0.70382,7.72,0.08931,0.05299,0.07348,1.00023,450,20190502,O
02/05/2019,5418.972386,21.1,7.724,-39.2,40.6,0.1,0.70382,7.72,0.08931,0.05299,0.07348,1.00023,450,20190502,O
02/05/2019,5478.968922,21,7.724,-39.2,40.6,0.1,0.70497,7.72,0.08931,0.05299,0.07348,1.00023,450,20190502,O
02/05/2019,5533.945344,21,7.724,-39.2,40.6,0.1,0.70612,7.72,0.08931,0.05299,0.07348,1.00023,450,20190502,O
02/05/2019,5568.915587,21,7.724,-39.2,40.6,0.1,0.70612,7.72,0.08931,0.05299,0.07348,1.00023,450,20190502,O
02/05/2019,5613.947919,21,7.724,-39.2,40.6,0.1,0.70612,7.72,0.08931,0.05299,0.07348,1.00023,450,20190502,O
02/05/2019,5648.912704,21,7.724,-39.2,40.6,0.1,0.70612,7.72,0.08931,0.05299,0.07348,1.00023,450,20190502,O
02/05/2019,5688.924649,21,7.724,-39.2,40.6,0.1,0.70612,7.72,0.08931,0.05299,0.07348,1.00023,450,20190502,O
02/05/2019,5738.975567,21,7.724,-39.2,40.6,0.1,0.70612,7.72,0.08931,0.05299,0.07348,1.00023,450,20190502,O
02/05/2019,5793.938314,21,7.722,-39.1,40.6,0.1,0.70727,7.72,0.08931,0.05299,0.07348,1.00023,450,20190502,O
02/05/2019,5828.904699,21,7.722,-39.1,40.6,0.1,0.70727,7.72,0.08931,0.05299,0.07348,1.00023,450,20190502,O
02/05/2019,5868.914318,21,7.722,-39.1,40.6,0.1,0.70842,7.72,0.08931,0.05299,0.07348,1.00023,450,20190502,O
02/05/2019,5913.937855,21,7.722,-39.1,40.6,0.1,0.70958,7.72,0.08931,0.05299,0.07348,1.00023,450,20190502,O
02/05/2019,5953.927642,21,7.722,-39.1,40.6,0.1,0.71073,7.72,0.08931,0.05299,0.07348,1.00023,450,20190502,O
02/05/2019,5988.91371,21,7.722,-39.1,40.6,0.1,0.71188,7.72,0.08931,0.05299,0.07348,1.00023,450,20190502,O
02/05/2019,6033.937883,21,7.722,-39.1,40.6,0.1,0.71303,7.72,0.08931,0.05299,0.07348,1.00023,450,20190502,O
02/05/2019,6078.961986,21,7.722,-39.1,40.6,0.1,0.71418,7.72,0.08931,0.05299,0.07348,1.00023,450,20190502,O
02/05/2019,6133.934615,21,7.722,-39.1,40.6,0.1,0.71649,7.72,0.08931,0.05299,0.07348,1.00023,450,20190502,O
02/05/2019,6168.908168,21,7.722,-39.1,40.6,0.1,0.71764,7.72,0.08931,0.05299,0.07348,1.00023,450,20190502,O
02/05/2019,6223.996394,21,7.72,-39,40.6,0.1,0.71879,7.72,0.08931,0.05299,0.07348,1.00023,450,20190502,O
02/05/2019,6273.939126,21,7.722,-39.1,40.6,0.1,0.71994,7.72,0.08931,0.05299,0.07348,1.00023,450,20190502,O
02/05/2019,6313.945659,21,7.72,-39,40.6,0.1,0.72109,7.72,0.08931,0.05299,0.07348,1.00023,450,20190502,O
02/05/2019,6353.930986,21,7.72,-39,40.6,0.1,0.72225,7.72,0.08931,0.05299,0.07348,1.00023,450,20190502,O
02/05/2019,6393.938698,21,7.72,-39,40.6,0.1,0.7234,7.72,0.08931,0.05299,0.07348,1.00023,450,20190502,O
02/05/2019,6443.994501,21,7.72,-39,40.6,0.1,0.72455,7.72,0.08931,0.05299,0.07348,1.00023,450,20190502,O
02/05/2019,6498.965868,21,7.72,-39,40.6,0.1,0.7257,7.72,0.08931,0.05299,0.07348,1.00023,450,20190502,O
02/05/2019,6553.949347,21,7.719,-38.9,40.6,0.1,0.72801,7.72,0.08931,0.05299,0.07348,1.00023,450,20190502,O
02/05/2019,6593.928451,21,7.72,-39,40.6,0.1,0.72916,7.72,0.08931,0.05299,0.07348,1.00023,450,20190502,O
02/05/2019,6633.939267,21,7.719,-38.9,40.6,0.1,0.73031,7.72,0.08931,0.05299,0.07348,1.00023,450,20190502,O
02/05/2019,6678.963362,21,7.72,-39,40.5,0.1,0.73146,7.72,0.08931,0.05299,0.07348,1.00023,450,20190502,O
02/05/2019,6738.964751,21,7.719,-38.9,40.5,0.1,0.73261,7.72,0.08931,0.05299,0.07348,1.00023,450,20190502,O
02/05/2019,6793.936334,21,7.719,-38.9,40.6,0.1,0.73492,7.72,0.08931,0.05299,0.07348,1.00023,450,20190502,O
02/05/2019,6838.964362,21,7.719,-38.9,40.6,0.1,0.73607,7.72,0.08931,0.05299,0.07348,1.00023,450,20190502,O
02/05/2019,6893.9424,21,7.719,-38.9,40.6,0.1,0.73722,7.72,0.08931,0.05299,0.07348,1.00023,450,20190502,O
02/05/2019,6938.962972,21,7.719,-38.9,40.5,0.1,0.73837,7.72,0.08931,0.05299,0.07348,1.00023,450,20190502,O
02/05/2019,6998.964843,21,7.719,-38.9,40.6,0.1,0.73953,7.72,0.08931,0.05299,0.07348,1.00023,450,20190502,O
02/05/2019,7058.968713,21,7.719,-38.9,40.5,0.1,0.74183,7.72,0.08931,0.05299,0.07348,1.00023,450,20190502,O
02/05/2019,7113.938803,21,7.719,-38.9,40.5,0.1,0.74298,7.72,0.08931,0.05299,0.07348,1.00023,450,20190502,O
02/05/2019,7158.965773,21,7.719,-38.9,40.5,0.1,0.74413,7.72,0.08931,0.05299,0.07348,1.00023,450,20190502,O
02/05/2019,7218.962592,21,7.719,-38.9,40.5,0.1,0.74644,7.72,0.08931,0.05299,0.07348,1.00023,450,20190502,O
02/05/2019,7278.970757,21,7.717,-38.8,40.5,0.1,0.74759,7.72,0.08931,0.05299,0.07348,1.00023,450,20190502,O
02/05/2019,7338.962391,21,7.719,-38.9,40.5,0.106,0.74989,7.72,0.08931,0.05299,0.07348,1.00023,450,20190502,O
02/05/2019,7398.963735,20.9,7.717,-38.8,40.5,0.106,0.75104,7.72,0.08931,0.05299,0.07348,1.00023,450,20190502,O
02/05/2019,7458.966133,20.9,7.715,-38.7,40.5,0.112,0.75335,7.72,0.08931,0.05299,0.07348,1.00023,450,20190502,O
02/05/2019,7518.965929,20.9,7.715,-38.7,40.5,0.122,0.7545,7.72,0.08931,0.05299,0.07348,1.00023,450,20190502,O
02/05/2019,7578.958182,20.9,7.717,-38.8,40.5,0.132,0.75565,7.72,0.08931,0.05299,0.07348,1.00023,450,20190502,O
02/05/2019,7638.956897,20.9,7.715,-38.7,40.5,0.138,0.7568,7.72,0.08931,0.05299,0.07348,1.00023,450,20190502,O
02/05/2019,7693.949443,20.9,7.715,-38.7,40.5,0.148,0.75796,7.72,0.08931,0.05299,0.07348,1.00023,450,20190502,O
02/05/2019,7728.929066,20.9,7.715,-38.7,40.5,0.158,0.75911,7.72,0.08931,0.05299,0.07348,1.00023,450,20190502,O
02/05/2019,7778.988806,20.9,7.715,-38.7,40.5,0.168,0.76026,7.72,0.08931,0.05299,0.07348,1.00023,450,20190502,O
02/05/2019,7828.921802,20.9,7.715,-38.7,40.5,0.178,0.76256,7.72,0.08931,0.05299,0.07348,1.00023,450,20190502,O
02/05/2019,7878.979811,20.9,7.715,-38.7,40.5,0.188,0.76372,7.72,0.08931,0.05299,0.07348,1.00023,450,20190502,O
02/05/2019,7928.922899,20.9,7.715,-38.7,40.5,0.198,0.76602,7.72,0.08931,0.05299,0.07348,1.00023,450,20190502,O
02/05/2019,7983.992879,20.9,7.715,-38.7,40.5,0.208,0.76717,7.72,0.08931,0.05299,0.07348,1.00023,450,20190502,O
02/05/2019,8028.916846,20.9,7.715,-38.7,40.5,0.218,0.76947,7.72,0.08931,0.05299,0.07348,1.00023,450,20190502,O
02/05/2019,8073.948892,20.9,7.715,-38.7,40.4,0.228,0.77293,7.72,0.08931,0.05299,0.07348,1.00023,450,20190502,O
02/05/2019,8108.903617,20.9,7.713,-38.6,40.5,0.238,0.77523,7.72,0.08931,0.05299,0.07348,1.00023,450,20190502,O
02/05/2019,8153.943205,20.9,7.713,-38.6,40.5,0.252,0.77754,7.72,0.08931,0.05299,0.07348,1.00023,450,20190502,O
02/05/2019,8188.911047,20.9,7.715,-38.7,40.5,0.266,0.77984,7.72,0.08931,0.05299,0.07348,1.00023,450,20190502,O
02/05/2019,8233.939705,20.9,7.713,-38.6,40.5,0.276,0.78215,7.72,0.08931,0.05299,0.07348,1.00023,450,20190502,O
02/05/2019,8268.918402,20.9,7.715,-38.7,40.4,0.29,0.78445,7.72,0.08931,0.05299,0.07348,1.00023,450,20190502,O
02/05/2019,8313.942987,20.9,7.715,-38.7,40.4,0.305,0.78675,7.72,0.08931,0.05299,0.07348,1.00023,450,20190502,O
02/05/2019,8348.915112,20.9,7.715,-38.7,40.4,0.32,0.78906,7.72,0.08931,0.05299,0.07348,1.00023,450,20190502,O
02/05/2019,8393.936717,20.9,7.715,-38.7,40.4,0.335,0.79136,7.72,0.08931,0.05299,0.07348,1.00023,450,20190502,O
02/05/2019,8428.911295,20.9,7.715,-38.7,40.4,0.35,0.79597,7.72,0.08931,0.05299,0.07348,1.00023,450,20190502,O
02/05/2019,8473.936656,20.9,7.713,-38.6,40.4,0.365,0.79942,7.72,0.08931,0.05299,0.07348,1.00023,450,20190502,O
02/05/2019,8508.911575,20.9,7.715,-38.7,40.4,0.386,0.80288,7.72,0.08931,0.05299,0.07348,1.00023,450,20190502,O
02/05/2019,8553.951814,20.9,7.715,-38.7,40.4,0.401,0.80634,7.72,0.08931,0.05299,0.07348,1.00023,450,20190502,O
02/05/2019,8598.957254,20.9,7.715,-38.7,40.4,0.416,0.80979,7.72,0.08931,0.05299,0.07348,1.00023,450,20190502,O
02/05/2019,8653.931425,20.9,7.715,-38.7,40.4,0.431,0.81555,7.72,0.08931,0.05299,0.07348,1.00023,450,20190502,O
02/05/2019,8688.910683,20.9,7.715,-38.7,40.3,0.446,0.82131,7.72,0.08931,0.05299,0.07348,1.00023,450,20190502,O
02/05/2019,8743.985652,20.9,7.715,-38.7,40.3,0.461,0.82592,7.72,0.08931,0.05299,0.07348,1.00023,450,20190502,O
02/05/2019,8788.917668,20.9,7.715,-38.7,40.3,0.476,0.83283,7.72,0.08931,0.05299,0.07348,1.00023,450,20190502,O
02/05/2019,8843.997715,20.9,7.715,-38.7,40.3,0.491,0.83744,7.72,0.08931,0.05299,0.07348,1.00023,450,20190502,O
02/05/2019,8893.940227,20.9,7.715,-38.7,40.3,0.506,0.8455,7.72,0.08931,0.05299,0.07348,1.00023,450,20190502,O
02/05/2019,8933.942263,20.9,7.715,-38.7,40.3,0.521,0.85011,7.72,0.08931,0.05299,0.07348,1.00023,450,20190502,O
02/05/2019,8973.938654,20.9,7.715,-38.7,40.3,0.536,0.85472,7.72,0.08931,0.05299,0.07348,1.00023,450,20190502,O
02/05/2019,9013.939706,20.9,7.715,-38.7,40.3,0.551,0.86163,7.72,0.08931,0.05299,0.07348,1.00023,450,20190502,O
02/05/2019,9048.915155,20.9,7.715,-38.7,40.3,0.566,0.86739,7.72,0.08931,0.05299,0.07348,1.00023,450,20190502,O
02/05/2019,9103.996693,20.9,7.715,-38.7,40.3,0.581,0.87315,7.72,0.08931,0.05299,0.07348,1.00023,450,20190502,O
02/05/2019,9163.995169,20.9,7.715,-38.7,40.3,0.596,0.88236,7.72,0.08931,0.05299,0.07348,1.00023,450,20190502,O
02/05/2019,9213.949187,20.9,7.715,-38.7,40.3,0.611,0.89158,7.72,0.08931,0.05299,0.07348,1.00023,450,20190502,O
02/05/2019,9253.941001,20.9,7.715,-38.7,40.3,0.626,0.89734,7.72,0.08931,0.05299,0.07348,1.00023,450,20190502,O
02/05/2019,9288.914422,20.9,7.715,-38.7,40.3,0.641,0.9031,7.72,0.08931,0.05299,0.07348,1.00023,450,20190502,O
02/05/2019,9333.932803,20.9,7.717,-38.8,40.3,0.656,0.91001,7.72,0.08931,0.05299,0.07348,1.00023,450,20190502,O
02/05/2019,9373.939862,20.9,7.715,-38.7,40.3,0.665,0.91807,7.72,0.08931,0.05299,0.07348,1.00023,450,20190502,O
02/05/2019,9418.973685,20.9,7.715,-38.7,40.3,0.68,0.92498,7.72,0.08931,0.05299,0.07348,1.00023,450,20190502,O
02/05/2019,9473.943607,20.9,7.717,-38.8,40.3,0.695,0.93535,7.72,0.08931,0.05299,0.07348,1.00023,450,20190502,O
02/05/2019,9513.955884,20.9,7.717,-38.8,40.3,0.7,0.94226,7.72,0.08931,0.05299,0.07348,1.00023,450,20190502,O
02/05/2019,9553.955155,20.9,7.717,-38.8,40.3,0.7,0.94917,7.72,0.08931,0.05299,0.07348,1.00023,450,20190502,O
02/05/2019,9598.983263,20.9,7.717,-38.8,40.3,0.7,0.95608,7.72,0.08931,0.05299,0.07348,1.00023,450,20190502,O
02/05/2019,9658.989254,20.9,7.719,-38.9,40.3,0.7,0.96645,7.72,0.08931,0.05299,0.07348,1.00023,450,20190502,O
02/05/2019,9713.954203,20.9,7.717,-38.8,40.3,0.7,0.97912,7.72,0.08931,0.05299,0.07348,1.00023,450,20190502,O
02/05/2019,9758.98124,20.9,7.719,-38.9,40.3,0.7,0.98603,7.72,0.08931,0.05299,0.07348,1.00023,450,20190502,O
02/05/2019,9818.988554,20.9,7.719,-38.9,40.3,0.7,0.9964,7.72,0.08931,0.05299,0.07348,1.00023,450,20190502,O
02/05/2019,9873.950272,20.9,7.719,-38.9,40.3,0.7,1.00907,7.72,0.08931,0.05299,0.07348,1.00023,450,20190502,O
02/05/2019,9908.927941,20.9,7.719,-38.9,40.3,0.7,1.01714,7.72,0.08931,0.05299,0.07348,1.00023,450,20190502,O
02/05/2019,9953.955183,20.9,7.719,-38.9,40.3,0.7,1.02405,7.72,0.08931,0.05299,0.07348,1.00023,450,20190502,O
02/05/2019,9988.922156,20.9,7.719,-38.9,40.3,0.7,1.03211,7.72,0.08931,0.05299,0.07348,1.00023,450,20190502,O
02/05/2019,10033.95323,20.9,7.721,-39,40.3,0.7,1.04017,7.72,0.08931,0.05299,0.07348,1.00023,450,20190502,O
02/05/2019,10068.9218,20.9,7.721,-39,40.3,0.7,1.04824,7.72,0.08931,0.05299,0.07348,1.00023,450,20190502,O
02/05/2019,10113.95389,20.9,7.721,-39,40.3,0.7,1.05515,7.72,0.08931,0.05299,0.07348,1.00023,450,20190502,O
02/05/2019,10153.95471,20.9,7.722,-39.1,40.2,0.7,1.06321,7.72,0.08931,0.05299,0.07348,1.00023,450,20190502,O
02/05/2019,10188.93166,20.9,7.721,-39,40.3,0.7,1.07127,7.72,0.08931,0.05299,0.07348,1.00023,450,20190502,O
02/05/2019,10238.98449,20.9,7.721,-39,40.3,0.7,1.07934,7.72,0.08931,0.05299,0.07348,1.00023,450,20190502,O
02/05/2019,10298.98709,20.9,7.722,-39.1,40.2,0.7,1.09086,7.72,0.08931,0.05299,0.07348,1.00023,450,20190502,O
02/05/2019,10358.97899,20.9,7.722,-39.1,40.3,0.7,1.10238,7.72,0.08931,0.05299,0.07348,1.00023,450,20190502,O
02/05/2019,10418.98732,20.8,7.723,-39.1,40.2,0.7,1.1139,7.72,0.08931,0.05299,0.07348,1.00023,450,20190502,O
02/05/2019,10478.97483,20.8,7.723,-39.1,40.2,0.6,1.12541,7.72,0.08931,0.05299,0.07348,1.00023,450,20190502,O
02/05/2019,10538.96552,20.8,7.723,-39.1,40.2,0.591,1.13578,7.72,0.08931,0.05299,0.07348,1.00023,450,20190502,O
02/05/2019,10598.96288,20.8,7.723,-39.1,40.2,0.582,1.145,7.72,0.08931,0.05299,0.07348,1.00023,450,20190502,O
02/05/2019,10658.96711,20.8,7.723,-39.1,40.2,0.573,1.15421,7.72,0.08931,0.05299,0.07348,1.00023,450,20190502,O
02/05/2019,10718.9702,20.8,7.723,-39.1,40.2,0.564,1.16343,7.72,0.08931,0.05299,0.07348,1.00023,450,20190502,O
02/05/2019,10778.96568,20.8,7.723,-39.1,40.2,0.555,1.17264,7.72,0.08931,0.05299,0.07348,1.00023,450,20190502,O
02/05/2019,10838.97112,20.8,7.723,-39.1,40.2,0.546,1.18186,7.72,0.08931,0.05299,0.07348,1.00023,450,20190502,O
02/05/2019,10903.99873,20.8,7.724,-39.2,40.2,0.537,1.18992,7.72,0.08931,0.05299,0.07348,1.00023,450,20190502,O
02/05/2019,10948.92022,20.8,7.723,-39.1,40.2,0.525,1.19798,7.72,0.08931,0.05299,0.07348,1.00023,450,20190502,O
02/05/2019,10998.96836,20.8,7.724,-39.2,40.1,0.516,1.20374,7.72,0.08931,0.05299,0.07348,1.00023,450,20190502,O
02/05/2019,11053.94595,20.8,7.724,-39.2,40.1,0.504,1.21181,7.72,0.08931,0.05299,0.07348,1.00023,450,20190502,O
02/05/2019,11098.95829,20.8,7.724,-39.2,40.1,0.492,1.21642,7.72,0.08931,0.05299,0.07348,1.00023,450,20190502,O
02/05/2019,11153.94917,20.8,7.724,-39.2,40.1,0.48,1.22448,7.72,0.08931,0.05299,0.07348,1.00023,450,20190502,O
02/05/2019,11188.92776,20.8,7.724,-39.2,40.1,0.468,1.22909,7.72,0.08931,0.05299,0.07348,1.00023,450,20190502,O
02/05/2019,11233.95391,20.8,7.724,-39.2,40.1,0.456,1.23369,7.72,0.08931,0.05299,0.07348,1.00023,450,20190502,O
02/05/2019,11268.9234,20.8,7.724,-39.2,40.1,0.444,1.2383,7.72,0.08931,0.05299,0.07348,1.00023,450,20190502,O
02/05/2019,11313.95435,20.8,7.724,-39.2,40.1,0.432,1.24291,7.72,0.08931,0.05299,0.07348,1.00023,450,20190502,O
02/05/2019,11348.92122,20.8,7.724,-39.2,40.1,0.42,1.24752,7.72,0.08931,0.05299,0.07348,1.00023,450,20190502,O
02/05/2019,11393.94344,20.8,7.724,-39.2,40.1,0.408,1.25097,7.72,0.08931,0.05299,0.07348,1.00023,450,20190502,O
02/05/2019,11428.91617,20.8,7.724,-39.2,40.1,0.396,1.25558,7.72,0.08931,0.05299,0.07348,1.00023,450,20190502,O
02/05/2019,11473.94903,20.8,7.724,-39.2,40.1,0.384,1.25904,7.72,0.08931,0.05299,0.07348,1.00023,450,20190502,O
02/05/2019,11508.92151,20.8,7.724,-39.2,40.1,0.372,1.26249,7.72,0.08931,0.05299,0.07348,1.00023,450,20190502,O
02/05/2019,11553.95007,20.8,7.724,-39.2,40.1,0.36,1.26595,7.72,0.08931,0.05299,0.07348,1.00023,450,20190502,O
02/05/2019,11593.95301,20.8,7.724,-39.2,40.1,0.348,1.2694,7.72,0.08931,0.05299,0.07348,1.00023,450,20190502,O
02/05/2019,11633.94802,20.8,7.724,-39.2,40.1,0.336,1.27286,7.72,0.08931,0.05299,0.07348,1.00023,450,20190502,O
02/05/2019,11673.95705,20.8,7.724,-39.2,40.1,0.324,1.27631,7.72,0.08931,0.05299,0.07348,1.00023,450,20190502,O
02/05/2019,11713.94708,20.8,7.724,-39.2,40.1,0.312,1.27977,7.72,0.08931,0.05299,0.07348,1.00023,450,20190502,O
02/05/2019,11753.94838,20.8,7.724,-39.2,40.1,0.3,1.28207,7.72,0.08931,0.05299,0.07348,1.00023,450,20190502,O
02/05/2019,11788.92156,20.8,7.724,-39.2,40.1,0.288,1.28553,7.72,0.08931,0.05299,0.07348,1.00023,450,20190502,O
02/05/2019,11833.96176,20.8,7.724,-39.2,40,0.276,1.28783,7.72,0.08931,0.05299,0.07348,1.00023,450,20190502,O
02/05/2019,11868.92662,20.8,7.724,-39.2,40,0.264,1.29014,7.72,0.08931,0.05299,0.07348,1.00023,450,20190502,O
02/05/2019,11913.9497,20.8,7.724,-39.2,40,0.252,1.29244,7.72,0.08931,0.05299,0.07348,1.00023,450,20190502,O
02/05/2019,11953.95736,20.8,7.724,-39.2,40,0.24,1.29474,7.72,0.08931,0.05299,0.07348,1.00023,450,20190502,O
02/05/2019,11988.92507,20.8,7.724,-39.2,40,0.228,1.29705,7.72,0.08931,0.05299,0.07348,1.00023,450,20190502,O
02/05/2019,12033.96002,20.8,7.724,-39.2,40,0.216,1.29935,7.72,0.08931,0.05299,0.07348,1.00023,450,20190502,O
02/05/2019,12073.95184,20.8,7.724,-39.2,40,0.204,1.30166,7.72,0.08931,0.05299,0.07348,1.00023,450,20190502,O
02/05/2019,12108.92179,20.8,7.723,-39.1,40,0.192,1.30281,7.72,0.08931,0.05299,0.07348,1.00023,450,20190502,O
02/05/2019,12153.95531,20.8,7.723,-39.1,40,0.183,1.30396,7.72,0.08931,0.05299,0.07348,1.00023,450,20190502,O
02/05/2019,12193.9475,20.8,7.724,-39.2,40,0.174,1.30511,7.72,0.08931,0.05299,0.07348,1.00023,450,20190502,O
02/05/2019,12228.9203,20.8,7.723,-39.1,40,0.162,1.30626,7.72,0.08931,0.05299,0.07348,1.00023,450,20190502,O
02/05/2019,12273.95059,20.8,7.723,-39.1,40,0.153,1.30742,7.72,0.08931,0.05299,0.07348,1.00023,450,20190502,O
02/05/2019,12308.91411,20.8,7.723,-39.1,40,0.15,1.30857,7.72,0.08931,0.05299,0.07348,1.00023,450,20190502,O
02/05/2019,12353.94931,20.8,7.723,-39.1,40,0.15,1.30972,7.72,0.08931,0.05299,0.07348,1.00023,450,20190502,O
02/05/2019,12398.99175,20.8,7.723,-39.1,40,0.15,1.31087,7.72,0.08931,0.05299,0.07348,1.00023,450,20190502,O
02/05/2019,12453.95505,20.8,7.723,-39.1,40,0.15,1.31318,7.72,0.08931,0.05299,0.07348,1.00023,450,20190502,O
02/05/2019,12498.98391,20.8,7.723,-39.1,40,0.15,1.31433,7.72,0.08931,0.05299,0.07348,1.00023,450,20190502,O
02/05/2019,12553.95982,20.8,7.723,-39.1,40,0.15,1.31663,7.72,0.08931,0.05299,0.07348,1.00023,450,20190502,O
02/05/2019,12593.95225,20.8,7.723,-39.1,40,0.15,1.31778,7.72,0.08931,0.05299,0.07348,1.00023,450,20190502,O
02/05/2019,12638.98708,20.8,7.723,-39.1,40,0.15,1.31894,7.72,0.08931,0.05299,0.07348,1.00023,450,20190502,O
02/05/2019,12693.95702,20.8,7.723,-39.1,40,0.15,1.32124,7.72,0.08931,0.05299,0.07348,1.00023,450,20190502,O
02/05/2019,12733.96043,20.8,7.721,-39,40,0.15,1.32239,7.72,0.08931,0.05299,0.07348,1.00023,450,20190502,O
02/05/2019,12778.98341,20.8,7.723,-39.1,40,0.15,1.32354,7.72,0.08931,0.05299,0.07348,1.00023,450,20190502,O
02/05/2019,12833.95561,20.8,7.721,-39,40,0.15,1.32585,7.72,0.08931,0.05299,0.07348,1.00023,450,20190502,O
02/05/2019,12878.99008,20.8,7.721,-39,40,0.15,1.327,7.72,0.08931,0.05299,0.07348,1.00023,450,20190502,O
02/05/2019,12938.9768,20.8,7.719,-38.9,40,0.15,1.3293,7.72,0.08931,0.05299,0.07348,1.00023,450,20190502,O
02/05/2019,12998.98724,20.8,7.721,-39,39.9,0.15,1.33161,7.72,0.08931,0.05299,0.07348,1.00023,450,20190502,O
02/05/2019,13043.89919,20.8,7.721,-39,40,0.15,1.33391,7.72,0.08931,0.05299,0.07348,1.00023,450,20190502,O
02/05/2019,13093.94734,20.8,7.721,-39,39.9,0.15,1.33621,7.72,0.08931,0.05299,0.07348,1.00023,450,20190502,O
02/05/2019,13128.92343,20.8,7.721,-39,40,0.15,1.33737,7.72,0.08931,0.05299,0.07348,1.00023,450,20190502,O
02/05/2019,13173.94943,20.8,7.719,-38.9,39.9,0.15,1.33967,7.72,0.08931,0.05299,0.07348,1.00023,450,20190502,O
02/05/2019,13208.9231,20.8,7.719,-38.9,39.9,0.15,1.34082,7.72,0.08931,0.05299,0.07348,1.00023,450,20190502,O
02/05/2019,13258.98348,20.8,7.719,-38.9,39.9,0.15,1.34313,7.72,0.08931,0.05299,0.07348,1.00023,450,20190502,O
02/05/2019,13318.98231,20.8,7.719,-38.9,39.9,0.15,1.34543,7.72,0.08931,0.05299,0.07348,1.00023,450,20190502,O
02/05/2019,13368.92374,20.8,7.719,-38.9,39.9,0.15,1.34773,7.72,0.08931,0.05299,0.07348,1.00023,450,20190502,O
02/05/2019,13413.95002,20.8,7.719,-38.9,39.9,0.15,1.34888,7.72,0.08931,0.05299,0.07348,1.00023,450,20190502,O
02/05/2019,13448.91926,20.8,7.719,-38.9,39.9,0.15,1.35119,7.72,0.08931,0.05299,0.07348,1.00023,450,20190502,O
02/05/2019,13498.98817,20.8,7.719,-38.9,39.9,0.15,1.35234,7.72,0.08931,0.05299,0.07348,1.00023,450,20190502,O
02/05/2019,13548.91708,20.8,7.719,-38.9,39.9,0.15,1.3558,7.72,0.08931,0.05299,0.07348,1.00023,450,20190502,O
02/05/2019,13593.95559,20.8,7.719,-38.9,39.9,0.15,1.35695,7.72,0.08931,0.05299,0.07348,1.00023,450,20190502,O
02/05/2019,13628.91469,20.8,7.719,-38.9,39.9,0.15,1.3581,7.72,0.08931,0.05299,0.07348,1.00023,450,20190502,O
02/05/2019,13673.95111,20.8,7.719,-38.9,39.9,0.15,1.3604,7.72,0.08931,0.05299,0.07348,1.00023,450,20190502,O
02/05/2019,13718.97713,20.8,7.719,-38.9,39.9,0.15,1.36156,7.72,0.08931,0.05299,0.07348,1.00023,450,20190502,O
02/05/2019,13778.97848,20.8,7.719,-38.9,39.9,0.15,1.36501,7.72,0.08931,0.05299,0.07348,1.00023,450,20190502,O
02/05/2019,13828.92636,20.8,7.719,-38.9,39.8,0.15,1.36732,7.72,0.08931,0.05299,0.07348,1.00023,450,20190502,O
02/05/2019,13873.9518,20.8,7.719,-38.9,39.9,0.15,1.36847,7.72,0.08931,0.05299,0.07348,1.00023,450,20190502,O
02/05/2019,13908.92353,20.8,7.719,-38.9,39.8,0.15,1.37077,7.72,0.08931,0.05299,0.07348,1.00023,450,20190502,O
02/05/2019,13948.91516,20.8,7.719,-38.9,39.8,0.15,1.37192,7.72,0.08931,0.05299,0.07348,1.00023,450,20190502,O
02/05/2019,13993.95169,20.8,7.719,-38.9,39.9,0.15,1.37307,7.72,0.08931,0.05299,0.07348,1.00023,450,20190502,O
02/05/2019,14028.92399,20.8,7.719,-38.9,39.8,0.15,1.37538,7.72,0.08931,0.05299,0.07348,1.00023,450,20190502,O
02/05/2019,14073.95107,20.8,7.719,-38.9,39.8,0.15,1.37653,7.72,0.08931,0.05299,0.07348,1.00023,450,20190502,O
02/05/2019,14108.91853,20.8,7.719,-38.9,39.8,0.15,1.37883,7.72,0.08931,0.05299,0.07348,1.00023,450,20190502,O
02/05/2019,14153.95573,20.8,7.719,-38.9,39.8,0.15,1.37999,7.72,0.08931,0.05299,0.07348,1.00023,450,20190502,O
02/05/2019,14198.97791,20.8,7.717,-38.8,39.9,0.15,1.38229,7.72,0.08931,0.05299,0.07348,1.00023,450,20190502,O
02/05/2019,14253.94941,20.8,7.717,-38.8,39.9,0.159,1.38459,7.72,0.08931,0.05299,0.07348,1.00023,450,20190502,O
02/05/2019,14288.92287,20.8,7.717,-38.8,39.8,0.168,1.38575,7.72,0.08931,0.05299,0.07348,1.00023,450,20190502,O
02/05/2019,14328.91802,20.8,7.717,-38.8,39.8,0.177,1.3869,7.72,0.08931,0.05299,0.07348,1.00023,450,20190502,O
02/05/2019,14373.95164,20.8,7.717,-38.8,39.8,0.186,1.38805,7.72,0.08931,0.05299,0.07348,1.00023,450,20190502,O
02/05/2019,14408.92783,20.8,7.717,-38.8,39.8,0.195,1.3892,7.72,0.08931,0.05299,0.07348,1.00023,450,20190502,O
02/05/2019,14448.92434,20.8,7.717,-38.8,39.8,0.204,1.39035,7.72,0.08931,0.05299,0.07348,1.00023,450,20190502,O
02/05/2019,14493.95304,20.8,7.715,-38.7,39.8,0.213,1.39151,7.72,0.08931,0.05299,0.07348,1.00023,450,20190502,O
02/05/2019,14528.92204,20.8,7.715,-38.7,39.8,0.228,1.39266,7.72,0.08931,0.05299,0.07348,1.00023,450,20190502,O
02/05/2019,14573.95435,20.8,7.717,-38.8,39.8,0.243,1.39611,7.72,0.08931,0.05299,0.07348,1.00023,450,20190502,O
02/05/2019,14608.92109,20.8,7.717,-38.8,39.8,0.252,1.39842,7.72,0.08931,0.05299,0.07348,1.00023,450,20190502,O
02/05/2019,14653.95492,20.8,7.717,-38.8,39.8,0.261,1.40072,7.72,0.08931,0.05299,0.07348,1.00023,450,20190502,O
02/05/2019,14688.9171,20.8,7.717,-38.8,39.8,0.27,1.40302,7.72,0.08931,0.05299,0.07348,1.00023,450,20190502,O
02/05/2019,14733.95782,20.8,7.717,-38.8,39.8,0.279,1.40533,7.72,0.08931,0.05299,0.07348,1.00023,450,20190502,O
02/05/2019,14773.95154,20.8,7.717,-38.8,39.8,0.288,1.40763,7.72,0.08931,0.05299,0.07348,1.00023,450,20190502,O
02/05/2019,14813.95305,20.8,7.719,-38.9,39.8,0.297,1.40994,7.72,0.08931,0.05299,0.07348,1.00023,450,20190502,O
02/05/2019,14853.94969,20.8,7.717,-38.8,39.8,0.297,1.41224,7.72,0.08931,0.05299,0.07348,1.00023,450,20190502,O
02/05/2019,14888.92272,20.8,7.719,-38.9,39.8,0.306,1.4157,7.72,0.08931,0.05299,0.07348,1.00023,450,20190502,O
02/05/2019,14933.95504,20.8,7.717,-38.8,39.8,0.306,1.418,7.72,0.08931,0.05299,0.07348,1.00023,450,20190502,O
02/05/2019,14963.89125,20.8,7.719,-38.9,39.8,0.315,1.42145,7.72,0.08931,0.05299,0.07348,1.00023,450,20190502,O
02/05/2019,15013.94469,20.8,7.717,-38.8,39.8,0.315,1.42376,7.72,0.08931,0.05299,0.07348,1.00023,450,20190502,O
02/05/2019,15053.94966,20.8,7.717,-38.8,39.8,0.324,1.42837,7.72,0.08931,0.05299,0.07348,1.00023,450,20190502,O
02/05/2019,15093.94981,20.8,7.719,-38.9,39.8,0.333,1.43182,7.72,0.08931,0.05299,0.07348,1.00023,450,20190502,O
02/05/2019,15128.92375,20.8,7.719,-38.9,39.8,0.333,1.43528,7.72,0.08931,0.05299,0.07348,1.00023,450,20190502,O
02/05/2019,15173.95506,20.8,7.719,-38.9,39.8,0.333,1.43873,7.72,0.08931,0.05299,0.07348,1.00023,450,20190502,O
02/05/2019,15218.98341,20.8,7.719,-38.9,39.7,0.333,1.44219,7.72,0.08931,0.05299,0.07348,1.00023,450,20190502,O
02/05/2019,15278.98573,20.8,7.719,-38.9,39.7,0.333,1.44795,7.72,0.08931,0.05299,0.07348,1.00023,450,20190502,O
02/05/2019,15333.94775,20.8,7.717,-38.8,39.8,0.333,1.45371,7.72,0.08931,0.05299,0.07348,1.00023,450,20190502,O
02/05/2019,15378.97969,20.8,7.719,-38.9,39.7,0.342,1.45716,7.72,0.08931,0.05299,0.07348,1.00023,450,20190502,O
02/05/2019,15438.98254,20.8,7.719,-38.9,39.8,0.342,1.46177,7.72,0.08931,0.05299,0.07348,1.00023,450,20190502,O
02/05/2019,15493.95402,20.8,7.719,-38.9,39.7,0.342,1.46753,7.72,0.08931,0.05299,0.07348,1.00023,450,20190502,O
02/05/2019,15538.98089,20.8,7.719,-38.9,39.7,0.342,1.47214,7.72,0.08931,0.05299,0.07348,1.00023,450,20190502,O
02/05/2019,15593.96061,20.8,7.719,-38.9,39.7,0.342,1.4779,7.72,0.08931,0.05299,0.07348,1.00023,450,20190502,O
02/05/2019,15638.98843,20.8,7.719,-38.9,39.7,0.342,1.48135,7.72,0.08931,0.05299,0.07348,1.00023,450,20190502,O
02/05/2019,15688.91634,20.8,7.719,-38.9,39.7,0.342,1.48711,7.72,0.08931,0.05299,0.07348,1.00023,450,20190502,O
02/05/2019,15733.95188,20.8,7.719,-38.9,39.7,0.342,1.49057,7.72,0.08931,0.05299,0.07348,1.00023,450,20190502,O
02/05/2019,15768.91707,20.8,7.719,-38.9,39.7,0.342,1.49403,7.72,0.08931,0.05299,0.07348,1.00023,450,20190502,O
02/05/2019,15813.94748,20.7,7.719,-38.9,39.7,0.342,1.49863,7.72,0.08931,0.05299,0.07348,1.00023,450,20190502,O
02/05/2019,15858.9884,20.7,7.719,-38.9,39.7,0.342,1.50209,7.72,0.08931,0.05299,0.07348,1.00023,450,20190502,O
02/05/2019,15918.98783,20.7,7.719,-38.9,39.7,0.342,1.50785,7.72,0.08931,0.05299,0.07348,1.00023,450,20190502,O
02/05/2019,15978.98526,20.7,7.719,-38.9,39.6,0.342,1.51361,7.72,0.08931,0.05299,0.07348,1.00023,450,20190502,O
02/05/2019,16028.92353,20.7,7.719,-38.9,39.6,0.342,1.51937,7.72,0.08931,0.05299,0.07348,1.00023,450,20190502,O
02/05/2019,16073.95519,20.7,7.719,-38.9,39.6,0.342,1.52282,7.72,0.08931,0.05299,0.07348,1.00023,450,20190502,O
02/05/2019,16118.98115,20.7,7.719,-38.9,39.6,0.342,1.52743,7.72,0.08931,0.05299,0.07348,1.00023,450,20190502,O
02/05/2019,16173.95799,20.7,7.719,-38.9,39.7,0.342,1.53204,7.72,0.08931,0.05299,0.07348,1.00023,450,20190502,O
02/05/2019,16218.98376,20.7,7.719,-38.9,39.6,0.342,1.53665,7.72,0.08931,0.05299,0.07348,1.00023,450,20190502,O
02/05/2019,16268.91365,20.7,7.719,-38.9,39.6,0.342,1.54241,7.72,0.08931,0.05299,0.07348,1.00023,450,20190502,O
02/05/2019,16313.95376,20.7,7.719,-38.9,39.6,0.342,1.54586,7.72,0.08931,0.05299,0.07348,1.00023,450,20190502,O
02/05/2019,16348.92086,20.7,7.719,-38.9,39.6,0.342,1.54932,7.72,0.08931,0.05299,0.07348,1.00023,450,20190502,O
02/05/2019,16398.98138,20.7,7.719,-38.9,39.6,0.342,1.55392,7.72,0.08931,0.05299,0.07348,1.00023,450,20190502,O
02/05/2019,16448.92014,20.7,7.719,-38.9,39.6,0.342,1.55968,7.72,0.08931,0.05299,0.07348,1.00023,450,20190502,O
02/05/2019,16493.95192,20.7,7.719,-38.9,39.6,0.342,1.56314,7.72,0.08931,0.05299,0.07348,1.00023,450,20190502,O
02/05/2019,16528.92615,20.7,7.719,-38.9,39.6,0.342,1.5666,7.72,0.08931,0.05299,0.07348,1.00023,450,20190502,O
02/05/2019,16573.95594,20.7,7.719,-38.9,39.6,0.342,1.5712,7.72,0.08931,0.05299,0.07348,1.00023,450,20190502,O
02/05/2019,16608.92643,20.7,7.719,-38.9,39.6,0.342,1.57466,7.72,0.08931,0.05299,0.07348,1.00023,450,20190502,O
02/05/2019,16653.95043,20.7,7.719,-38.9,39.6,0.342,1.57811,7.72,0.08931,0.05299,0.07348,1.00023,450,20190502,O
02/05/2019,16688.91551,20.7,7.719,-38.9,39.6,0.342,1.58157,7.72,0.08931,0.05299,0.07348,1.00023,450,20190502,O
02/05/2019,16733.9568,20.7,7.719,-38.9,39.6,0.342,1.58618,7.72,0.08931,0.05299,0.07348,1.00023,450,20190502,O
02/05/2019,16768.91683,20.7,7.719,-38.9,39.6,0.342,1.58963,7.72,0.08931,0.05299,0.07348,1.00023,450,20190502,O
02/05/2019,16813.95709,20.7,7.719,-38.9,39.6,0.342,1.59309,7.72,0.08931,0.05299,0.07348,1.00023,450,20190502,O
02/05/2019,16848.92278,20.7,7.719,-38.9,39.6,0.342,1.5977,7.72,0.08931,0.05299,0.07348,1.00023,450,20190502,O
02/05/2019,16893.95142,20.7,7.719,-38.9,39.6,0.342,1.60115,7.72,0.08931,0.05299,0.07348,1.00023,450,20190502,O
02/05/2019,16928.91909,20.7,7.719,-38.9,39.6,0.342,1.60461,7.72,0.08931,0.05299,0.07348,1.00023,450,20190502,O
02/05/2019,16973.95484,20.7,7.719,-38.9,39.6,0.342,1.60922,7.72,0.08931,0.05299,0.07348,1.00023,450,20190502,O
02/05/2019,17008.91774,20.7,7.719,-38.9,39.6,0.342,1.61267,7.72,0.08931,0.05299,0.07348,1.00023,450,20190502,O
02/05/2019,17053.95592,20.7,7.719,-38.9,39.6,0.342,1.61613,7.72,0.08931,0.05299,0.07348,1.00023,450,20190502,O
02/05/2019,17088.91787,20.7,7.719,-38.9,39.6,0.342,1.62074,7.72,0.08931,0.05299,0.07348,1.00023,450,20190502,O
02/05/2019,17128.92495,20.7,7.719,-38.9,39.6,0.342,1.62419,7.72,0.08931,0.05299,0.07348,1.00023,450,20190502,O
02/05/2019,17173.94855,20.7,7.719,-38.9,39.6,0.342,1.62765,7.72,0.08931,0.05299,0.07348,1.00023,450,20190502,O
02/05/2019,17213.95618,20.7,7.719,-38.9,39.6,0.342,1.6311,7.72,0.08931,0.05299,0.07348,1.00023,450,20190502,O
02/05/2019,17253.95004,20.7,7.719,-38.9,39.6,0.342,1.63571,7.72,0.08931,0.05299,0.07348,1.00023,450,20190502,O
02/05/2019,17288.92172,20.7,7.719,-38.9,39.6,0.342,1.63917,7.72,0.08931,0.05299,0.07348,1.00023,450,20190502,O
02/05/2019,17333.94181,20.7,7.719,-38.9,39.5,0.342,1.64262,7.72,0.08931,0.05299,0.07348,1.00023,450,20190502,O
02/05/2019,17368.92671,20.7,7.719,-38.9,39.6,0.342,1.64723,7.72,0.08931,0.05299,0.07348,1.00023,450,20190502,O
02/05/2019,17413.96046,20.7,7.719,-38.9,39.6,0.342,1.65068,7.72,0.08931,0.05299,0.07348,1.00023,450,20190502,O
02/05/2019,17448.92024,20.7,7.719,-38.9,39.6,0.342,1.65414,7.72,0.08931,0.05299,0.07348,1.00023,450,20190502,O
02/05/2019,17488.92104,20.7,7.719,-38.9,39.5,0.342,1.65875,7.72,0.08931,0.05299,0.07348,1.00023,450,20190502,O
02/05/2019,17533.95124,20.7,7.719,-38.9,39.5,0.342,1.6622,7.72,0.08931,0.05299,0.07348,1.00023,450,20190502,O
02/05/2019,17573.95333,20.7,7.719,-38.9,39.5,0.342,1.66566,7.72,0.08931,0.05299,0.07348,1.00023,450,20190502,O
02/05/2019,17608.91976,20.7,7.719,-38.9,39.5,0.342,1.66912,7.72,0.08931,0.05299,0.07348,1.00023,450,20190502,O
02/05/2019,17653.95508,20.7,7.719,-38.9,39.5,0.342,1.67372,7.72,0.08931,0.05299,0.07348,1.00023,450,20190502,O
02/05/2019,17693.94949,20.7,7.719,-38.9,39.5,0.342,1.67718,7.72,0.08931,0.05299,0.07348,1.00023,450,20190502,O
02/05/2019,17723.89244,20.7,7.719,-38.9,39.5,0.342,1.68063,7.72,0.08931,0.05299,0.07348,1.00023,450,20190502,O
02/05/2019,17773.95661,20.7,7.719,-38.9,39.5,0.342,1.68524,7.72,0.08931,0.05299,0.07348,1.00023,450,20190502,O
02/05/2019,17813.95229,20.7,7.719,-38.9,39.5,0.342,1.6887,7.72,0.08931,0.05299,0.07348,1.00023,450,20190502,O
02/05/2019,17853.95562,20.7,7.719,-38.9,39.5,0.342,1.69215,7.72,0.08931,0.05299,0.07348,1.00023,450,20190502,O
02/05/2019,17893.95002,20.7,7.719,-38.9,39.5,0.342,1.69676,7.72,0.08931,0.05299,0.07348,1.00023,450,20190502,O
02/05/2019,17933.95226,20.7,7.719,-38.9,39.5,0.342,1.70022,7.72,0.08931,0.05299,0.07348,1.00023,450,20190502,O
02/05/2019,17973.95333,20.7,7.719,-38.9,39.5,0.342,1.70367,7.72,0.08931,0.05299,0.07348,1.00023,450,20190502,O
02/05/2019,18013.94843,20.7,7.719,-38.9,39.5,0.342,1.70713,7.72,0.08931,0.05299,0.07348,1.00023,450,20190502,O
02/05/2019,18058.97822,20.7,7.719,-38.9,39.5,0.342,1.71174,7.72,0.08931,0.05299,0.07348,1.00023,450,20190502,O
02/05/2019,18118.97579,20.7,7.719,-38.9,39.5,0.342,1.7175,7.72,0.08931,0.05299,0.07348,1.00023,450,20190502,O
02/05/2019,18173.94545,20.7,7.719,-38.9,39.5,0.342,1.72325,7.72,0.08931,0.05299,0.07348,1.00023,450,20190502,O
02/05/2019,18218.98406,20.7,7.719,-38.9,39.5,0.342,1.72671,7.72,0.08931,0.05299,0.07348,1.00023,450,20190502,O
02/05/2019,18278.97721,20.7,7.721,-39,39.5,0.342,1.73247,7.72,0.08931,0.05299,0.07348,1.00023,450,20190502,O
02/05/2019,18333.95024,20.7,7.719,-38.9,39.5,0.342,1.73823,7.72,0.08931,0.05299,0.07348,1.00023,450,20190502,O
02/05/2019,18378.97859,20.7,7.721,-39,39.5,0.342,1.74169,7.72,0.08931,0.05299,0.07348,1.00023,450,20190502,O
02/05/2019,18438.98158,20.7,7.719,-38.9,39.5,0.342,1.74744,7.72,0.08931,0.05299,0.07348,1.00023,450,20190502,O
02/05/2019,18498.97709,20.7,7.721,-39,39.5,0.342,1.7532,7.72,0.08931,0.05299,0.07348,1.00023,450,20190502,O
02/05/2019,18558.97874,20.7,7.721,-39,39.5,0.342,1.75896,7.72,0.08931,0.05299,0.07348,1.00023,450,20190502,O
02/05/2019,18613.9532,20.7,7.721,-39,39.4,0.342,1.76472,7.72,0.08931,0.05299,0.07348,1.00023,450,20190502,O
02/05/2019,18658.97862,20.7,7.721,-39,39.4,0.342,1.76818,7.72,0.08931,0.05299,0.07348,1.00023,450,20190502,O
02/05/2019,18713.94683,20.7,7.721,-39,39.4,0.342,1.77394,7.72,0.08931,0.05299,0.07348,1.00023,450,20190502,O
02/05/2019,18758.97913,20.7,7.721,-39,39.4,0.342,1.77855,7.72,0.08931,0.05299,0.07348,1.00023,450,20190502,O
02/05/2019,18803.89898,20.7,7.721,-39,39.4,0.342,1.78431,7.72,0.08931,0.05299,0.07348,1.00023,450,20190502,O
02/05/2019,18848.92148,20.7,7.721,-39,39.4,0.342,1.78776,7.72,0.08931,0.05299,0.07348,1.00023,450,20190502,O
02/05/2019,18893.95404,20.7,7.721,-39,39.4,0.342,1.79122,7.72,0.08931,0.05299,0.07348,1.00023,450,20190502,O
02/05/2019,18928.91561,20.7,7.721,-39,39.4,0.342,1.79467,7.72,0.08931,0.05299,0.07348,1.00023,450,20190502,O
02/05/2019,18973.95433,20.7,7.721,-39,39.4,0.342,1.79928,7.72,0.08931,0.05299,0.07348,1.00023,450,20190502,O
02/05/2019,19008.91731,20.7,7.721,-39,39.4,0.342,1.80274,7.72,0.08931,0.05299,0.07348,1.00023,450,20190502,O
02/05/2019,19058.97782,20.7,7.721,-39,39.3,0.342,1.80619,7.72,0.08931,0.05299,0.07348,1.00023,450,20190502,O
02/05/2019,19113.9493,20.7,7.721,-39,39.3,0.342,1.81195,7.72,0.08931,0.05299,0.07348,1.00023,450,20190502,O
02/05/2019,19148.92294,20.7,7.721,-39,39.4,0.342,1.81656,7.72,0.08931,0.05299,0.07348,1.00023,450,20190502,O
02/05/2019,19188.92886,20.7,7.721,-39,39.3,0.342,1.82002,7.72,0.08931,0.05299,0.07348,1.00023,450,20190502,O
02/05/2019,19223.89925,20.7,7.723,-39.1,39.3,0.342,1.82347,7.72,0.08931,0.05299,0.07348,1.00023,450,20190502,O
02/05/2019,19268.92294,20.7,7.721,-39,39.3,0.333,1.82808,7.72,0.08931,0.05299,0.07348,1.00023,450,20190502,O
02/05/2019,19313.94256,20.7,7.723,-39.1,39.3,0.333,1.83153,7.72,0.08931,0.05299,0.07348,1.00023,450,20190502,O
02/05/2019,19348.92069,20.7,7.721,-39,39.3,0.324,1.83499,7.72,0.08931,0.05299,0.07348,1.00023,450,20190502,O
02/05/2019,19393.94304,20.7,7.721,-39,39.3,0.324,1.83845,7.72,0.08931,0.05299,0.07348,1.00023,450,20190502,O
02/05/2019,19428.92353,20.7,7.723,-39.1,39.3,0.324,1.8419,7.72,0.08931,0.05299,0.07348,1.00023,450,20190502,O
02/05/2019,19463.89696,20.7,7.723,-39.1,39.3,0.315,1.84536,7.72,0.08931,0.05299,0.07348,1.00023,450,20190502,O
02/05/2019,19508.92544,20.7,7.723,-39.1,39.3,0.306,1.84766,7.72,0.08931,0.05299,0.07348,1.00023,450,20190502,O
02/05/2019,19548.91354,20.7,7.721,-39,39.3,0.297,1.85112,7.72,0.08931,0.05299,0.07348,1.00023,450,20190502,O
02/05/2019,19593.96035,20.7,7.723,-39.1,39.3,0.297,1.85342,7.72,0.08931,0.05299,0.07348,1.00023,450,20190502,O
02/05/2019,19628.91704,20.7,7.723,-39.1,39.3,0.288,1.85688,7.72,0.08931,0.05299,0.07348,1.00023,450,20190502,O
02/05/2019,19673.94635,20.7,7.721,-39,39.3,0.279,1.85918,7.72,0.08931,0.05299,0.07348,1.00023,450,20190502,O
02/05/2019,19708.92198,20.7,7.723,-39.1,39.3,0.279,1.86148,7.72,0.08931,0.05299,0.07348,1.00023,450,20190502,O
02/05/2019,19748.92237,20.7,7.723,-39.1,39.3,0.27,1.86494,7.72,0.08931,0.05299,0.07348,1.00023,450,20190502,O
02/05/2019,19793.95023,20.7,7.721,-39,39.3,0.261,1.86724,7.72,0.08931,0.05299,0.07348,1.00023,450,20190502,O
02/05/2019,19828.92749,20.7,7.721,-39,39.3,0.261,1.86955,7.72,0.08931,0.05299,0.07348,1.00023,450,20190502,O
02/05/2019,19868.91798,20.7,7.723,-39.1,39.3,0.261,1.87185,7.72,0.08931,0.05299,0.07348,1.00023,450,20190502,O
02/05/2019,19913.94901,20.7,7.721,-39,39.3,0.252,1.87531,7.72,0.08931,0.05299,0.07348,1.00023,450,20190502,O
02/05/2019,19948.92276,20.7,7.721,-39,39.3,0.252,1.87761,7.72,0.08931,0.05299,0.07348,1.00023,450,20190502,O
02/05/2019,19988.91493,20.7,7.723,-39.1,39.3,0.252,1.87991,7.72,0.08931,0.05299,0.07348,1.00023,450,20190502,O
02/05/2019,20033.95117,20.7,7.721,-39,39.3,0.243,1.88337,7.72,0.08931,0.05299,0.07348,1.00023,450,20190502,O
02/05/2019,20068.92077,20.7,7.723,-39.1,39.3,0.243,1.88567,7.72,0.08931,0.05299,0.07348,1.00023,450,20190502,O
02/05/2019,20113.95106,20.7,7.721,-39,39.3,0.234,1.88798,7.72,0.08931,0.05299,0.07348,1.00023,450,20190502,O
02/05/2019,20148.92277,20.7,7.723,-39.1,39.3,0.234,1.89028,7.72,0.08931,0.05299,0.07348,1.00023,450,20190502,O
02/05/2019,20193.942,20.7,7.723,-39.1,39.3,0.225,1.89259,7.72,0.08931,0.05299,0.07348,1.00023,450,20190502,O
02/05/2019,20228.92242,20.7,7.723,-39.1,39.3,0.216,1.89489,7.72,0.08931,0.05299,0.07348,1.00023,450,20190502,O
02/05/2019,20273.95403,20.7,7.723,-39.1,39.3,0.207,1.89719,7.72,0.08931,0.05299,0.07348,1.00023,450,20190502,O
02/05/2019,20308.92431,20.7,7.721,-39,39.3,0.198,1.89834,7.72,0.08931,0.05299,0.07348,1.00023,450,20190502,O
02/05/2019,20353.95046,20.7,7.721,-39,39.3,0.198,1.8995,7.72,0.08931,0.05299,0.07348,1.00023,450,20190502,O
02/05/2019,20388.92315,20.7,7.721,-39,39.3,0.198,1.9018,7.72,0.08931,0.05299,0.07348,1.00023,450,20190502,O
02/05/2019,20433.94451,20.7,7.723,-39.1,39.2,0.198,1.9041,7.72,0.08931,0.05299,0.07348,1.00023,450,20190502,O
02/05/2019,20468.92446,20.7,7.721,-39,39.3,0.189,1.90641,7.72,0.08931,0.05299,0.07348,1.00023,450,20190502,O
02/05/2019,20513.9534,20.7,7.723,-39.1,39.2,0.189,1.90756,7.72,0.08931,0.05299,0.07348,1.00023,450,20190502,O
02/05/2019,20548.92279,20.7,7.723,-39.1,39.2,0.18,1.90986,7.72,0.08931,0.05299,0.07348,1.00023,450,20190502,O
02/05/2019,20593.9523,20.7,7.723,-39.1,39.2,0.171,1.91102,7.72,0.08931,0.05299,0.07348,1.00023,450,20190502,O
02/05/2019,20633.95274,20.7,7.721,-39,39.2,0.162,1.91217,7.72,0.08931,0.05299,0.07348,1.00023,450,20190502,O
02/05/2019,20673.949,20.7,7.721,-39,39.2,0.162,1.91332,7.72,0.08931,0.05299,0.07348,1.00023,450,20190502,O
02/05/2019,20713.95032,20.7,7.721,-39,39.2,0.162,1.91562,7.72,0.08931,0.05299,0.07348,1.00023,450,20190502,O
02/05/2019,20753.9533,20.7,7.721,-39,39.2,0.162,1.91678,7.72,0.08931,0.05299,0.07348,1.00023,450,20190502,O
02/05/2019,20793.95986,20.7,7.721,-39,39.2,0.162,1.91908,7.72,0.08931,0.05299,0.07348,1.00023,450,20190502,O
02/05/2019,20833.95556,20.7,7.721,-39,39.2,0.162,1.92023,7.72,0.08931,0.05299,0.07348,1.00023,450,20190502,O
02/05/2019,20873.95645,20.7,7.721,-39,39.2,0.162,1.92254,7.72,0.08931,0.05299,0.07348,1.00023,450,20190502,O
02/05/2019,20913.95066,20.7,7.721,-39,39.2,0.162,1.92369,7.72,0.08931,0.05299,0.07348,1.00023,450,20190502,O
02/05/2019,20953.95434,20.7,7.721,-39,39.2,0.162,1.92599,7.72,0.08931,0.05299,0.07348,1.00023,450,20190502,O
02/05/2019,20993.94978,20.7,7.719,-38.9,39.2,0.162,1.92829,7.72,0.08931,0.05299,0.07348,1.00023,450,20190502,O
02/05/2019,21033.95104,20.7,7.719,-38.9,39.2,0.162,1.92945,7.72,0.08931,0.05299,0.07348,1.00023,450,20190502,O
02/05/2019,21073.95337,20.7,7.719,-38.9,39.2,0.162,1.93175,7.72,0.08931,0.05299,0.07348,1.00023,450,20190502,O
02/05/2019,21118.98868,20.7,7.719,-38.9,39.1,0.162,1.9329,7.72,0.08931,0.05299,0.07348,1.00023,450,20190502,O
02/05/2019,21173.95539,20.7,7.721,-39,39.1,0.162,1.93636,7.72,0.08931,0.05299,0.07348,1.00023,450,20190502,O
02/05/2019,21218.98178,20.7,7.721,-39,39.1,0.162,1.93751,7.72,0.08931,0.05299,0.07348,1.00023,450,20190502,O
02/05/2019,21278.98542,20.7,7.719,-38.9,39.1,0.162,1.93981,7.72,0.08931,0.05299,0.07348,1.00023,450,20190502,O
02/05/2019,21333.95537,20.7,7.719,-38.9,39.1,0.162,1.94327,7.72,0.08931,0.05299,0.07348,1.00023,450,20190502,O
02/05/2019,21378.99727,20.7,7.719,-38.9,39.1,0.162,1.94442,7.72,0.08931,0.05299,0.07348,1.00023,450,20190502,O
02/05/2019,21433.95746,20.7,7.719,-38.9,39.1,0.162,1.94788,7.72,0.08931,0.05299,0.07348,1.00023,450,20190502,O
02/05/2019,21468.92537,20.7,7.719,-38.9,39.1,0.162,1.94903,7.72,0.08931,0.05299,0.07348,1.00023,450,20190502,O
02/05/2019,21518.98698,20.7,7.719,-38.9,39.1,0.162,1.95133,7.72,0.08931,0.05299,0.07348,1.00023,450,20190502,O
02/05/2019,21578.98765,20.7,7.719,-38.9,39.2,0.162,1.95364,7.72,0.08931,0.05299,0.07348,1.00023,450,20190502,O
02/05/2019,21623.89637,20.7,7.719,-38.9,39.1,0.162,1.95709,7.72,0.08931,0.05299,0.07348,1.00023,450,20190502,O
02/05/2019,21673.95807,20.7,7.719,-38.9,39.1,0.162,1.95824,7.72,0.08931,0.05299,0.07348,1.00023,450,20190502,O
02/05/2019,21708.91977,20.7,7.719,-38.9,39.1,0.162,1.96055,7.72,0.08931,0.05299,0.07348,1.00023,450,20190502,O
02/05/2019,21753.95418,20.7,7.719,-38.9,39.1,0.162,1.9617,7.72,0.08931,0.05299,0.07348,1.00023,450,20190502,O
02/05/2019,21788.92557,20.7,7.719,-38.9,39.1,0.162,1.964,7.72,0.08931,0.05299,0.07348,1.00023,450,20190502,O
02/05/2019,21823.89507,20.7,7.719,-38.9,39.1,0.162,1.96516,7.72,0.08931,0.05299,0.07348,1.00023,450,20190502,O
02/05/2019,21868.92861,20.7,7.719,-38.9,39.1,0.162,1.96746,7.72,0.08931,0.05299,0.07348,1.00023,450,20190502,O
02/05/2019,21913.96187,20.7,7.719,-38.9,39.1,0.162,1.96976,7.72,0.08931,0.05299,0.07348,1.00023,450,20190502,O
02/05/2019,21948.92802,20.7,7.719,-38.9,39.1,0.162,1.97092,7.72,0.08931,0.05299,0.07348,1.00023,450,20190502,O
02/05/2019,21988.93112,20.7,7.719,-38.9,39.1,0.162,1.97322,7.72,0.08931,0.05299,0.07348,1.00023,450,20190502,O
02/05/2019,22028.92671,20.7,7.719,-38.9,39.1,0.162,1.97437,7.72,0.08931,0.05299,0.07348,1.00023,450,20190502,O
02/05/2019,22068.91848,20.7,7.719,-38.9,39.1,0.162,1.97667,7.72,0.08931,0.05299,0.07348,1.00023,450,20190502,O
02/05/2019,22113.94362,20.7,7.719,-38.9,39.1,0.162,1.97783,7.72,0.08931,0.05299,0.07348,1.00023,450,20190502,O
02/05/2019,22148.91524,20.7,7.718,-38.8,39.1,0.162,1.98013,7.72,0.08931,0.05299,0.07348,1.00023,450,20190502,O
02/05/2019,22198.98062,20.7,7.718,-38.8,39.1,0.162,1.98243,7.72,0.08931,0.05299,0.07348,1.00023,450,20190502,O
02/05/2019,22248.91494,20.7,7.719,-38.9,39,0.162,1.98474,7.72,0.08931,0.05299,0.07348,1.00023,450,20190502,O
02/05/2019,22288.91948,20.7,7.718,-38.8,39.1,0.162,1.98589,7.72,0.08931,0.05299,0.07348,1.00023,450,20190502,O
02/05/2019,22333.93847,20.7,7.718,-38.8,39,0.162,1.98819,7.72,0.08931,0.05299,0.07348,1.00023,450,20190502,O
02/05/2019,22378.96102,20.7,7.718,-38.8,39,0.162,1.9905,7.72,0.08931,0.05299,0.07348,1.00023,450,20190502,O
02/05/2019,22438.97004,20.7,7.718,-38.8,39,0.162,1.9928,7.72,0.08931,0.05299,0.07348,1.00023,450,20190502,O
02/05/2019,22493.93258,20.7,7.718,-38.8,39,0.162,1.99511,7.72,0.08931,0.05299,0.07348,1.00023,450,20190502,O
02/05/2019,22528.90493,20.7,7.718,-38.8,39,0.162,1.99741,7.72,0.08931,0.05299,0.07348,1.00023,450,20190502,O
02/05/2019,22573.93379,20.7,7.716,-38.7,39,0.162,1.99856,7.72,0.08931,0.05299,0.07348,1.00023,450,20190502,O
02/05/2019,22608.90997,20.7,7.716,-38.7,39,0.174,2.00086,7.72,0.08931,0.05299,0.07348,1.00023,450,20190502,O
02/05/2019,22653.94201,20.7,7.716,-38.7,39,0.186,2.00202,7.72,0.08931,0.05299,0.07348,1.00023,450,20190502,O
02/05/2019,22688.90892,20.8,7.715,-38.7,39,0.198,2.00317,7.72,0.08931,0.05299,0.07348,1.00023,450,20190502,O
02/05/2019,22733.9294,20.8,7.715,-38.7,39,0.213,2.00432,7.72,0.08931,0.05299,0.07348,1.00023,450,20190502,O
02/05/2019,22778.96292,20.8,7.715,-38.7,39,0.228,2.00547,7.72,0.08931,0.05299,0.07348,1.00023,450,20190502,O
02/05/2019,22833.9403,20.8,7.715,-38.7,39,0.243,2.01008,7.72,0.08931,0.05299,0.07348,1.00023,450,20190502,O
02/05/2019,22868.90696,20.8,7.715,-38.7,39,0.258,2.01238,7.72,0.08931,0.05299,0.07348,1.00023,450,20190502,O
02/05/2019,22908.91488,20.8,7.715,-38.7,39,0.27,2.01469,7.72,0.08931,0.05299,0.07348,1.00023,450,20190502,O
02/05/2019,22953.93664,20.8,7.715,-38.7,39,0.27,2.01699,7.72,0.08931,0.05299,0.07348,1.00023,450,20190502,O
02/05/2019,22988.90981,20.8,7.715,-38.7,39,0.27,2.0193,7.72,0.08931,0.05299,0.07348,1.00023,450,20190502,O
02/05/2019,23028.90438,20.8,7.715,-38.7,39,0.27,2.0216,7.72,0.08931,0.05299,0.07348,1.00023,450,20190502,O
02/05/2019,23073.93858,20.8,7.715,-38.7,39,0.27,2.0239,7.72,0.08931,0.05299,0.07348,1.00023,450,20190502,O
02/05/2019,23108.90865,20.8,7.715,-38.7,38.9,0.27,2.02621,7.72,0.08931,0.05299,0.07348,1.00023,450,20190502,O
02/05/2019,23153.93716,20.8,7.715,-38.7,39,0.27,2.02851,7.72,0.08931,0.05299,0.07348,1.00023,450,20190502,O
02/05/2019,23188.90261,20.8,7.715,-38.7,39,0.27,2.03081,7.72,0.08931,0.05299,0.07348,1.00023,450,20190502,O
02/05/2019,23233.93974,20.8,7.715,-38.7,38.9,0.27,2.03312,7.72,0.08931,0.05299,0.07348,1.00023,450,20190502,O
02/05/2019,23268.90652,20.8,7.715,-38.7,38.9,0.27,2.03542,7.72,0.08931,0.05299,0.07348,1.00023,450,20190502,O
02/05/2019,23313.93241,20.8,7.715,-38.7,38.9,0.28,2.03773,7.72,0.08931,0.05299,0.07348,1.00023,450,20190502,O
02/05/2019,23358.96572,20.8,7.715,-38.7,39,0.28,2.04003,7.72,0.08931,0.05299,0.07348,1.00023,450,20190502,O
02/05/2019,23413.93933,20.8,7.715,-38.7,38.9,0.28,2.04349,7.72,0.08931,0.05299,0.07348,1.00023,450,20190502,O
02/05/2019,23448.9128,20.8,7.715,-38.7,38.9,0.28,2.04694,7.72,0.08931,0.05299,0.07348,1.00023,450,20190502,O
02/05/2019,23493.93524,20.8,7.715,-38.7,38.9,0.28,2.04924,7.72,0.08931,0.05299,0.07348,1.00023,450,20190502,O
02/05/2019,23528.91081,20.8,7.715,-38.7,38.9,0.28,2.05155,7.72,0.08931,0.05299,0.07348,1.00023,450,20190502,O
02/05/2019,23573.93041,20.8,7.715,-38.7,38.9,0.295,2.05385,7.72,0.08931,0.05299,0.07348,1.00023,450,20190502,O
02/05/2019,23613.93561,20.8,7.717,-38.8,38.9,0.3,2.05616,7.72,0.08931,0.05299,0.07348,1.00023,450,20190502,O
02/05/2019,23653.93271,20.8,7.715,-38.7,38.9,0.3,2.05846,7.72,0.08931,0.05299,0.07348,1.00023,450,20190502,O
02/05/2019,23698.96111,20.8,7.717,-38.8,38.8,0.3,2.06076,7.72,0.08931,0.05299,0.07348,1.00023,450,20190502,O
02/05/2019,23753.93747,20.8,7.717,-38.8,38.8,0.3,2.06537,7.72,0.08931,0.05299,0.07348,1.00023,450,20190502,O
02/05/2019,23793.93668,20.8,7.717,-38.8,38.8,0.3,2.06768,7.72,0.08931,0.05299,0.07348,1.00023,450,20190502,O
02/05/2019,23833.93572,20.8,7.715,-38.7,38.9,0.3,2.06998,7.72,0.08931,0.05299,0.07348,1.00023,450,20190502,O
02/05/2019,23878.97381,20.8,7.717,-38.8,38.8,0.3,2.07228,7.72,0.08931,0.05299,0.07348,1.00023,450,20190502,O
02/05/2019,23933.94538,20.8,7.717,-38.8,38.8,0.29,2.07689,7.72,0.08931,0.05299,0.07348,1.00023,450,20190502,O
02/05/2019,23973.9337,20.8,7.717,-38.8,38.8,0.29,2.07919,7.72,0.08931,0.05299,0.07348,1.00023,450,20190502,O
02/05/2019,24018.96461,20.8,7.717,-38.8,38.8,0.29,2.0815,7.72,0.08931,0.05299,0.07348,1.00023,450,20190502,O
02/05/2019,24073.95119,20.8,7.717,-38.8,38.8,0.29,2.08611,7.72,0.08931,0.05299,0.07348,1.00023,450,20190502,O
02/05/2019,24118.96181,20.8,7.717,-38.8,38.8,0.29,2.08841,7.72,0.08931,0.05299,0.07348,1.00023,450,20190502,O
02/05/2019,24173.9472,20.8,7.717,-38.8,38.8,0.29,2.09302,7.72,0.08931,0.05299,0.07348,1.00023,450,20190502,O
02/05/2019,24218.97479,20.8,7.717,-38.8,38.8,0.29,2.09532,7.72,0.08931,0.05299,0.07348,1.00023,450,20190502,O
02/05/2019,24278.96345,20.8,7.715,-38.7,38.8,0.29,2.09993,7.72,0.08931,0.05299,0.07348,1.00023,450,20190502,O
02/05/2019,24338.95468,20.8,7.717,-38.8,38.8,0.29,2.10454,7.72,0.08931,0.05299,0.07348,1.00023,450,20190502,O
02/05/2019,24393.93954,20.8,7.715,-38.7,38.8,0.29,2.10914,7.72,0.08931,0.05299,0.07348,1.00023,450,20190502,O
02/05/2019,24438.97103,20.8,7.717,-38.8,38.8,0.29,2.11145,7.72,0.08931,0.05299,0.07348,1.00023,450,20190502,O
02/05/2019,24493.92962,20.8,7.715,-38.7,38.8,0.29,2.11606,7.72,0.08931,0.05299,0.07348,1.00023,450,20190502,O
02/05/2019,24538.95864,20.8,7.717,-38.8,38.8,0.29,2.11836,7.72,0.08931,0.05299,0.07348,1.00023,450,20190502,O
02/05/2019,24598.97027,20.8,7.717,-38.8,38.8,0.29,2.12297,7.72,0.08931,0.05299,0.07348,1.00023,450,20190502,O
02/05/2019,24658.97039,20.8,7.717,-38.8,38.8,0.29,2.12757,7.72,0.08931,0.05299,0.07348,1.00023,450,20190502,O
02/05/2019,24718.9674,20.8,7.717,-38.8,38.8,0.29,2.13218,7.72,0.08931,0.05299,0.07348,1.00023,450,20190502,O
02/05/2019,24778.96603,20.8,7.717,-38.8,38.7,0.29,2.13679,7.72,0.08931,0.05299,0.07348,1.00023,450,20190502,O
02/05/2019,24838.97683,20.9,7.719,-38.9,38.7,0.29,2.1414,7.72,0.08931,0.05299,0.07348,1.00023,450,20190502,O
02/05/2019,24893.94604,20.9,7.719,-38.9,38.7,0.29,2.14601,7.72,0.08931,0.05299,0.07348,1.00023,450,20190502,O
02/05/2019,24928.90774,20.9,7.719,-38.9,38.7,0.29,2.14831,7.72,0.08931,0.05299,0.07348,1.00023,450,20190502,O
02/05/2019,24978.96551,20.9,7.719,-38.9,38.7,0.29,2.15176,7.72,0.08931,0.05299,0.07348,1.00023,450,20190502,O
02/05/2019,25038.9593,20.9,7.719,-38.9,38.7,0.29,2.15637,7.72,0.08931,0.05299,0.07348,1.00023,450,20190502,O
02/05/2019,25088.90438,20.9,7.719,-38.9,38.7,0.29,2.16213,7.72,0.08931,0.05299,0.07348,1.00023,450,20190502,O
02/05/2019,25143.99203,20.9,7.719,-38.9,38.6,0.28,2.16444,7.72,0.08931,0.05299,0.07348,1.00023,450,20190502,O
